<?xml version="1.0" encoding="UTF-8"?>
<beans xmlns="http://www.springframework.org/schema/beans"
	xmlns:xsi="http://www.w3.org/2001/XMLSchema-instance"
	xsi:schemaLocation="http://www.springframework.org/schema/beans https://www.springframework.org/schema/beans/spring-beans.xsd">
	
	<!-- Root Context: defines shared resources visible to all other web components -->
	<!-- dataSource 설정 (jndi) -->
	<bean id="dataSource" class="org.springframework.jndi.JndiObjectFactoryBean">
	  <property name="jndiName" value="java:comp/env/jdbc/ora" />
	</bean>
	
	<!-- sqlSession -->
	<bean id="sqlSessionFactory" class="org.mybatis.spring.SqlSessionFactoryBean">
		<property name="dataSource" ref="dataSource" />
		<!-- <property name="configLocation" value="classpath:/mybatis/mybatis-config.xml" /> -->
		<property name="mapperLocations" value="classpath:/mybatis/**/*.xml" />
	</bean>
	
	<bean id="sqlSessoinTemplate" class="org.mybatis.spring.SqlSessionTemplate">
		<constructor-arg name="sqlSessionFactory" ref="sqlSessionFactory" />
	</bean>
	
	<!-- MyBatis Mapper -->
	<bean class="org.mybatis.spring.mapper.MapperScannerConfigurer">
	    <property name="basePackage" value="board.mapper" />
	</bean>
	
			
</beans>
